<atlassian-plugin key="${atlassian.plugin.key}" name="${project.name}" plugins-version="2">
    <plugin-info>
        <description>${project.description}</description>
        <version>${project.version}</version>
        <vendor name="${project.organization.name}" url="${project.organization.url}" />
        <param name="plugin-icon">images/pluginIcon.png</param>
        <param name="plugin-logo">images/pluginLogo.png</param>
    </plugin-info>

    <!-- add our i18n resource -->
    <resource type="i18n" name="i18n" location="HSBC-AI-CustomFields"/>
    
    <!-- add our web resources -->
    <web-resource key="HSBC-AI-CustomFields-resources" name="HSBC-AI-CustomFields Web Resources">
        <dependency>com.atlassian.auiplugin:ajs</dependency>
        
        <resource type="download" name="HSBC-AI-CustomFields.css" location="/css/HSBC-AI-CustomFields.css"/>
        <resource type="download" name="HSBC-AI-CustomFields.js" location="/js/HSBC-AI-CustomFields.js"/>
        <resource type="download" name="images/" location="/images"/>

        <context>HSBC-AI-CustomFields</context>
    </web-resource>

     <customfield-type key="percentCFType" name="PercentCFType" class="com.hsbc.ai.jira.plugin.customfields.api.PercentCFType">
    <description>A field that can be used as a percentage 0 to 100. toby.c.jones@hsbc.com</description>
     <resource type="velocity" name="view" location="templates/view-percent.vm"/>
     <resource type="velocity" name="edit" location="templates/plugins/fields/edit/edit-basictext.vm"/>
  </customfield-type>
    
</atlassian-plugin>